{"filename": "pyntcloud_plot", "camera_position": [0.998619556427002, 0.9773358702659607, 0.9960905909538269], "look_at": [0.02585040032863617, -0.013898477889597416, 0.01090481597930193], "point_size": 0.01, "point_opacity": 1, "line_color_list": ["0xffffff", "0xff00ff"], "lines": [[[0, 0, 0], [0, 0, 1]], [[1, 0, 0], [1, 0, 1], [1, 1, 1]]]}