{"filename": "default_cloud", "camera_position": [2.086162567138672e-06, -2.4999602, 3.7103891372680664e-06], "look_at": [2.086162567138672e-06, 3.7103891372680664e-06, -0.49999937], "point_size": 0.01, "point_opacity": 1}