{"filename": "skull", "camera_position": [-14.004142761230469, -445.97046, -78.16207885742188], "look_at": [-14.004142761230469, -91.16557, -78.16207885742188], "point_size": 0.2, "point_opacity": 1}